id,name,email,first_choice,second_choice
p01, Alex Morgan ,ALEX.MORGAN@EXAMPLE.TEST,agents,design
p02,Sam Rivera,sam.rivera@example.test,agents,design
p03,Taylor Brooks,taylor.brooks@example.test,agents,design
p04,Jordan Lee,jordan.lee@example.test,agents,design
p05, Casey Chen ,casey.chen@example.test,agents,design
p06,Riley Park,riley.park@example.test,agents,design
p07,Morgan Ellis,MORGAN.ELLIS@EXAMPLE.TEST,agents,design
p08,Avery Quinn,avery.quinn@example.test,agents,design
p09, Cameron Blake ,cameron.blake@example.test,agents,design
p10,Drew Hayes,drew.hayes@example.test,agents,design
p11,Jamie Cole,jamie.cole@example.test,design,story
p12,Robin Walsh,robin.walsh@example.test,design,story
p13, Skyler Reed ,SKYLER.REED@EXAMPLE.TEST,design,story
p14,Quinn Foster,quinn.foster@example.test,design,story
p15,Reese Bell,reese.bell@example.test,design,story
p16,Harper Lane,harper.lane@example.test,design,story
p17, Finley Shaw ,finley.shaw@example.test,design,story
p18,Dakota West,dakota.west@example.test,design,story
p19,Emerson Hale,EMERSON.HALE@EXAMPLE.TEST,story,agents
p20,Parker Wells,parker.wells@example.test,story,agents
p21, Rowan Gray ,rowan.gray@example.test,story,agents
p22,Sage Miller,sage.miller@example.test,story,agents
p23,Charlie Ford,charlie.ford@example.test,story,agents
p24,Remy Stone,remy.stone@example.test,story,agents
dup01, Alex Morgan ,ALEX.MORGAN@EXAMPLE.TEST,agents,design
dup02,Riley Park,riley.park@example.test,agents,design
dup03,Jamie Cole,jamie.cole@example.test,design,story
incomplete,Incomplete registration,,agents,design
p25, Jessie Hart ,JESSIE.HART@EXAMPLE.TEST,story,agents
